accuracy,precision_macro,precision_weighted,recall_macro,recall_weighted,f1_macro,f1_weighted
0.75625,0.7575496792364262,0.7592825848849946,0.7578320802005012,0.75625,0.7562404781436776,0.7563166529942575
