accuracy,precision_macro,precision_weighted,recall_macro,recall_weighted,f1_macro,f1_weighted
0.75625,0.7575496792364262,0.7592825848849946,0.7578320802005012,0.75625,0.7562404781436776,0.7563166529942575
0.7625,0.77,0.76775,0.7545568824638592,0.7625,0.756058417589472,0.7590314556251002
0.79375,0.7906513776078994,0.7934683070552635,0.7896825396825397,0.79375,0.7901347430343019,0.7935778449063954
