accuracy,precision_macro,precision_weighted,recall_macro,recall_weighted,f1_macro,f1_weighted
0.49125,0.491358125050807,0.4914061806289435,0.49136163616361633,0.49125,0.4912301261768038,0.4911983280596898
0.48125,0.4811567292483323,0.48121002682071384,0.48116061606160615,0.48125,0.4811519052820924,0.48122324689511614
0.49625,0.49605695509309966,0.4961084337349398,0.4960621062106211,0.49625,0.4959656931487917,0.4960854012966689
0.51875,0.5186682171414996,0.5187149502034998,0.5186643664366437,0.51875,0.5186589964665195,0.5187251808545054
0.4875,0.4875722037458428,0.4876203395764047,0.4875737573757376,0.4875,0.4874967968549803,0.48748398427490175
