accuracy,precision_macro,precision_weighted,recall_macro,recall_weighted,f1_macro,f1_weighted
0.50875,0.5087879943246807,0.508838653424255,0.5087883788378837,0.50875,0.5087492324206757,0.5087553730552704
0.4925,0.4925492549254925,0.4925985098509851,0.4925492549254925,0.4925,0.4925,0.4925
0.51625,0.516460647785949,0.5165168205288687,0.5164391439143914,0.51625,0.516158523720891,0.5160919955179026
0.4775,0.4775244381109528,0.4775733143328583,0.4775227522752275,0.4775,0.4774967343545897,0.4775097969362308
0.47375,0.47390079799718354,0.47394101079643247,0.4739348934893489,0.47375,0.47365048704520696,0.47357811398717575
