accuracy,precision_macro,precision_weighted,recall_macro,recall_weighted,f1_macro,f1_weighted
0.8373493975903614,0.5411080501989592,0.8000807638266565,0.5561113248685392,0.8373493975903614,0.5482295482295482,0.8179751974932697
0.8614457831325302,0.8849226585075641,0.8716077978410327,0.6787317466424816,0.8614457831325302,0.7143458393458393,0.8570135520436724
