accuracy,precision_macro,precision_weighted,recall_macro,recall_weighted,f1_macro,f1_weighted
0.8313253012048193,0.5337006427915519,0.7939227986325467,0.548864948056945,0.8313253012048193,0.5409035409035409,0.8118849022463481
0.8493975903614458,0.7707729468599034,0.8456347127641,0.6599424687150736,0.8493975903614458,0.6898220729127784,0.8441598420557931
0.8554216867469879,0.8814492753623188,0.8628391828182295,0.6225196504149948,0.8554216867469879,0.6443713450292398,0.8451569435637285
