accuracy,precision_macro,precision_weighted,recall_macro,recall_weighted,f1_macro,f1_weighted
0.8373493975903614,0.536455463728191,0.7995486076537555,0.5518148005643196,0.8373493975903614,0.5437525437525438,0.8177030466187092
0.8554216867469879,0.5486345834003971,0.830085188654182,0.5950365525202,0.8554216867469879,0.568675471588093,0.8400071026694024
