accuracy,precision_macro,precision_weighted,recall_macro,recall_weighted,f1_macro,f1_weighted
0.8373493975903614,0.5411080501989592,0.8000807638266565,0.5561113248685392,0.8373493975903614,0.5482295482295482,0.8179751974932697
0.8614457831325302,0.8849226585075641,0.8716077978410327,0.6787317466424816,0.8614457831325302,0.7143458393458393,0.8570135520436724
0.8674698795180723,0.8939227865059066,0.8711147109446188,0.6241228311255246,0.8674698795180723,0.6516741629185407,0.8553178230162027
0.8614457831325302,0.8851639712488769,0.8721005991621471,0.6340625515308086,0.8614457831325302,0.6511447811447811,0.8521096507241086
0.8734939759036144,0.794669382904677,0.8669160983122712,0.6717418787445721,0.8734939759036144,0.7074712643678162,0.8664624013294557
