accuracy,precision_macro,precision_weighted,recall_macro,recall_weighted,f1_macro,f1_weighted
0.8373493975903614,0.5411080501989592,0.8000807638266565,0.5561113248685392,0.8373493975903614,0.5482295482295482,0.8179751974932697
