accuracy,precision_macro,precision_weighted,recall_macro,recall_weighted,f1_macro,f1_weighted
0.8313253012048193,0.5337006427915519,0.7939227986325467,0.548864948056945,0.8313253012048193,0.5409035409035409,0.8118849022463481
