accuracy,precision_macro,precision_weighted,recall_macro,recall_weighted,f1_macro,f1_weighted
0.8373493975903614,0.5335748792270532,0.8001004016064257,0.5518148005643196,0.8373493975903614,0.5424208496610063,0.8181653653239567
