accuracy,precision_macro,precision_weighted,recall_macro,recall_weighted,f1_macro,f1_weighted
0.8373493975903614,0.5335748792270532,0.8001004016064257,0.5518148005643196,0.8373493975903614,0.5424208496610063,0.8181653653239567
0.8554216867469879,0.8951973951973953,0.8584190240816747,0.6010370288938969,0.8554216867469879,0.6383583558946592,0.8400989387033737
0.8734939759036144,0.7393939393939394,0.8604600219058051,0.6270726836328991,0.8734939759036144,0.6497536162772214,0.8621139780868826
0.8734939759036144,0.7387574498826078,0.8681460536021638,0.6846314516572308,0.8734939759036144,0.7016809925053987,0.8693606963740128
