accuracy,precision_macro,precision_weighted,recall_macro,recall_weighted,f1_macro,f1_weighted
0.8373493975903614,0.5335748792270532,0.8001004016064257,0.5518148005643196,0.8373493975903614,0.5424208496610063,0.8181653653239567
0.8554216867469879,0.8951973951973953,0.8584190240816747,0.6010370288938969,0.8554216867469879,0.6383583558946592,0.8400989387033737
0.8734939759036144,0.7393939393939394,0.8604600219058051,0.6270726836328991,0.8734939759036144,0.6497536162772214,0.8621139780868826
0.8734939759036144,0.7387574498826078,0.8681460536021638,0.6846314516572308,0.8734939759036144,0.7016809925053987,0.8693606963740128
0.8674698795180723,0.7450819672131148,0.8592336559352163,0.6601989776287583,0.8674698795180723,0.6911609914083936,0.8601287792526772
0.8232142857142857,0.6665346742490744,0.8151493331770325,0.6177534842091804,0.8232142857142857,0.6243133187207633,0.8153895448846573
